gender_label,gender,unique_person_id,eye_length_ratio,eye_distance_ratio,nose_ratio,lip_size_ratio,lip_length_ratio,eyebrow_length_ratio,aggressive_ratio
0,female,21,0.2315534677,0.4421266025,0.1480776511,3.322510308,0.444189608,0.3118841055,0.9992357911
0,female,21,0.1994910498,0.441817166,0.1560488219,2.825529806,0.5405456115,0.3441425132,0.9683988888
0,female,21,0.2632176637,0.4517808848,0.1455553628,3.515508175,0.489890505,0.3621925429,0.9882597269
0,female,21,0.2001038127,0.4676792172,0.1587198686,1.90460042,0.4064028328,0.348506655,1.015707689
0,female,19,0.220838365,0.446012889,0.1397899743,3.815367673,0.4217410386,0.3288581863,0.9188237921
0,female,19,0.2131624746,0.4525147815,0.1438406131,3.501027102,0.4816691744,0.3064094703,0.8656101281
0,female,19,0.238893669,0.4488518473,0.1393922089,3.58348226,0.4022238894,0.3295583761,0.9156382114
0,female,19,0.1783252453,0.4439125414,0.1362629614,3.28723715,0.4320207964,0.3154247147,0.9521352872
1,male,53,0.222869437,0.4748471668,0.1903921788,3.110390251,0.6094477981,0.3651437402,1.021098383
1,male,53,0.2257016142,0.484582793,0.1926732057,4.356256133,0.4451932001,0.36865853,0.9429944637
1,male,53,0.2620672627,0.4881425159,0.1924567065,5.033706938,0.4912191027,0.3626644231,1.030222916
1,male,53,0.2054099261,0.494182938,0.2070980448,3.979775856,0.4937071336,0.3725362738,0.9961500341
0,female,17,0.232094321,0.4507673095,0.1610256491,3.75626111,0.4528577115,0.3612998205,0.9455198858
0,female,17,0.2205755912,0.4471603534,0.158882035,3.400517556,0.5169664321,0.3348539297,0.8825860357
0,female,17,0.2440453051,0.4524455803,0.1696327071,3.063568932,0.4218698388,0.3784375017,0.9452696083
0,female,17,0.2150969778,0.4740600562,0.2044604526,3.218798271,0.431249403,0.3668254429,0.9866511619
1,male,54,0.1778198613,0.4255493454,0.1254267148,3.795793795,0.4467895385,0.3279061753,0.8994241614
1,male,54,0.1860442225,0.4207214342,0.1285778583,3.660264482,0.3809178164,0.3353460882,0.9083596878
1,male,54,0.2197033788,0.4218515078,0.1044774707,3.10642876,0.3916251665,0.3518328576,0.9500092462
1,male,54,0.1942731019,0.4322218298,0.1287472455,3.115988926,0.416493245,0.3584783752,0.9447375696
1,male,65,0.1888636699,0.4549243282,0.119023798,3.927676881,0.409504774,0.3215779707,0.8670476649
1,male,65,0.1978327178,0.44217851,0.1439506672,3.917933233,0.5335307952,0.3203170198,0.8557219588
1,male,65,0.2260078127,0.4585497618,0.1580760768,3.582184934,0.4502458634,0.3231176212,0.910188072
1,male,65,0.2206998385,0.4889415139,0.1388200456,3.825236679,0.4402561182,0.3552271627,0.8737776423
0,female,28,0.2114874982,0.4464227874,0.1702500969,3.06739586,0.5576307132,0.2992427968,0.9338997996
0,female,28,0.2034827089,0.4464856041,0.1514884194,3.80558417,0.4947784824,0.3294668461,0.9695477245
0,female,28,0.2242160089,0.4526047788,0.1654078773,3.969178721,0.4418974045,0.3331678929,1.018074788
0,female,28,0.1627506942,0.4672781068,0.1545528833,3.342326679,0.4592104545,0.3386215579,0.9446940317
0,female,10,0.1978721832,0.4572458409,0.163861376,3.939607872,0.4523535258,0.3186566839,0.9578853398
0,female,10,0.2212486313,0.4536242175,0.1786059069,2.729122252,0.5728212718,0.3569807889,0.9514383422
0,female,10,0.2427942942,0.4525929472,0.1594317575,5.00953166,0.47912213,0.3045423238,0.9249091363
0,female,10,0.1781744214,0.4537200188,0.1727765859,3.175247606,0.4673995013,0.3358538283,0.9810923031
1,male,62,0.2061874118,0.4604381279,0.1434264779,3.83509289,0.4720226524,0.3101747501,0.9001191501
1,male,62,0.1988536726,0.4607735389,0.1498098693,3.628060237,0.5550010844,0.3333881296,0.9161829144
1,male,62,0.2603828941,0.4500579346,0.1456300008,3.393389456,0.4499433435,0.3388062636,0.9311699492
1,male,62,0.1970988156,0.4754001855,0.159713892,3.300607133,0.4628680618,0.3473759848,0.9370075087
0,female,26,0.2199529175,0.4930536596,0.1616017171,2.809330233,0.5136851537,0.2997212669,0.8797598367
0,female,26,0.2322425842,0.489178538,0.1546172041,3.560734825,0.4462732573,0.3156907426,0.9768437134
0,female,26,0.2259469226,0.4887489696,0.1689543378,3.28641423,0.4629664186,0.3260379961,0.9483814149
0,female,26,0.2075672258,0.5077532398,0.1843132353,2.756532798,0.4561865163,0.3037616553,0.9861030171
1,male,52,0.2027923468,0.4567584674,0.1712400702,2.925779384,0.5182582741,0.3243815708,0.9861593063
1,male,52,0.2012006209,0.4525717953,0.1769137895,4.659917782,0.4476791048,0.3276219157,1.029212732
1,male,52,0.2419206347,0.4718804612,0.194313003,4.828011538,0.4466237111,0.3698624807,1.020171375
1,male,52,0.2113089783,0.463484624,0.1857291005,2.963132319,0.4612339983,0.3738175348,1.065214259
0,female,29,0.2206693736,0.4896371344,0.1926196584,3.168510835,0.4744921421,0.3719261895,1.088060448
0,female,29,0.1981661909,0.4945940597,0.1908360244,2.934157628,0.582855552,0.3193168174,0.9996897808
0,female,29,0.2417672658,0.499438281,0.1852544088,2.55570716,0.4780261548,0.3951909607,1.131028929
0,female,29,0.174390491,0.5104296971,0.184284147,2.486934816,0.4844595218,0.387904413,1.086007645
1,male,36,0.1932465584,0.4729466789,0.1579879487,2.857569651,0.4742710701,0.3765265151,0.9099448245
1,male,36,0.1857032982,0.4690165406,0.1461552215,4.224872664,0.3978649357,0.3166850518,0.9166759919
1,male,36,0.2224219052,0.469505317,0.138916705,4.184878657,0.4559906022,0.4085129082,0.9248029356
1,male,36,0.2002623315,0.4592797547,0.1582331845,7.000072195,0.4518466875,0.384637488,0.910014979
1,male,31,0.2017822495,0.4440940597,0.1447304979,3.68121751,0.4111113939,0.3402146325,0.9699190842
1,male,31,0.2021290531,0.4461597069,0.1714268744,3.06304471,0.4812309739,0.348901999,0.9764009769
1,male,31,0.2113326207,0.4552566689,0.1695926892,4.176305293,0.4228367629,0.3760504952,0.9401579096
1,male,31,0.2107163528,0.4629352303,0.1473174755,2.915528787,0.4104015251,0.3688894158,0.9778618574
1,male,38,0.1908882327,0.4208307144,0.1474031492,4.498068204,0.4691273661,0.3195691631,0.9258671363
1,male,38,0.1841716489,0.4308301673,0.1445538592,2.265052624,0.4699412445,0.3190734793,0.927635263
1,male,38,0.2056340991,0.4444216822,0.1737530232,3.851620968,0.4811768769,0.3968800051,0.9821182537
1,male,38,0.1796346352,0.4322926287,0.1458890601,4.305237703,0.4667254833,0.3644810499,0.9536594183
0,female,44,0.2101056805,0.4601660851,0.1498795965,3.878139512,0.4058275795,0.3036371116,0.9541205509
0,female,44,0.2117113007,0.4617072684,0.1508729923,2.589264753,0.4555927756,0.3076714469,0.9246453786
0,female,44,0.2473382161,0.4528276723,0.1581024699,3.783689073,0.4687652442,0.3059252181,0.9660997167
0,female,44,0.206217491,0.5165939083,0.1391671215,3.270915449,0.4259581358,0.3566289937,0.9731184795
1,male,7,0.2460071225,0.4606848117,0.1408168576,3.248860293,0.4582747584,0.3653990471,0.9231006034
1,male,7,0.2364193341,0.4618019677,0.156204518,3.05023332,0.5121027062,0.3408641732,0.9224997811
1,male,7,0.2196615848,0.4734268062,0.1343158713,2.608281081,0.4282318839,0.3711553102,0.9747068971
1,male,7,0.1733360377,0.4724173575,0.1481061264,2.379449109,0.4285542856,0.3918027846,0.9899826297
1,male,9,0.2285504042,0.4733515212,0.1498657287,3.000371348,0.5453999408,0.3626191225,0.9534407697
1,male,9,0.1993015047,0.463346965,0.1478401111,3.201857174,0.4086955788,0.3591485885,0.9554873079
1,male,9,0.2326417195,0.4528768095,0.1478957598,3.870734175,0.4587229928,0.4040958826,0.9260782368
1,male,9,0.1841442048,0.4633361001,0.161017816,2.57967387,0.4068043898,0.359783519,0.9839321095
0,female,43,0.2170052206,0.4684735398,0.1517255909,3.3516435,0.5230342215,0.3066008514,0.8676666085
0,female,43,0.2151586195,0.4660209069,0.1468988669,4.1979109,0.4828980015,0.3127663526,0.9323339113
0,female,43,0.2233972819,0.4700745047,0.1304545283,4.015011844,0.4182700636,0.3064349021,0.9565098493
0,female,43,0.190129748,0.5027544317,0.1597769951,2.884590361,0.4747848988,0.3332843228,0.9448706829
0,female,16,0.2094087634,0.4735937953,0.1227570181,2.872224082,0.4131133925,0.3328240203,0.9614337051
0,female,16,0.2005257308,0.4654566726,0.1510819412,2.612946597,0.4962648503,0.3348884954,0.8947143862
0,female,16,0.2237915619,0.4808441931,0.1225608447,2.444293803,0.3919417237,0.3493710911,0.9674155644
0,female,16,0.1764491617,0.4862353093,0.1326812751,2.467346124,0.3982600172,0.3836489783,0.9836359056
0,female,20,0.2347962104,0.4220961398,0.1446179041,2.670037233,0.485566482,0.3639485557,0.9828709851
0,female,20,0.2122431808,0.4131361392,0.144575998,3.232744225,0.5059532545,0.3582747597,0.9310889173
0,female,20,0.2343444292,0.4238021292,0.1554272942,1.979630292,0.4725555124,0.3652610544,1.004698037
0,female,20,0.19103719,0.4315790517,0.1637459637,2.356988623,0.4760555262,0.3602779536,1.0022555
1,male,30,0.2145649719,0.4531738475,0.1656037741,3.401007711,0.5416105882,0.3495056098,0.9599427251
1,male,30,0.2250640692,0.4551809842,0.1554022069,3.88101736,0.4367325382,0.3452777106,0.9897765618
1,male,30,0.2391558189,0.4625551097,0.1569716433,6.081381313,0.4919466652,0.3590659635,1.00803396
1,male,30,0.2194898524,0.4695934982,0.1688723758,3.833876559,0.4731764606,0.3551575775,1.021264226
1,male,8,0.219866511,0.4807888441,0.1539454159,3.405215736,0.5093396754,0.4026392348,0.9975902289
1,male,8,0.2630489049,0.4738624976,0.1820538404,2.52395737,0.5357587353,0.4067817568,0.9068190059
1,male,8,0.2283994427,0.4849321776,0.1558777726,3.265189715,0.4691294212,0.4249421996,0.9705120985
1,male,8,0.1970397894,0.4984923541,0.1552761411,3.123435921,0.4707485534,0.4305400204,0.9981859278
0,female,11,0.2334314771,0.4412195112,0.1456443887,3.889694148,0.5098756729,0.3346881591,0.9742432756
0,female,11,0.1939718653,0.4337477918,0.1759279808,3.029420657,0.554228218,0.3128568407,0.9523985186
0,female,11,0.1992798014,0.4196838476,0.1579912744,4.987355378,0.544168657,0.3164458813,0.9421630644
0,female,11,0.1880386472,0.4404263558,0.1638514273,3.624371347,0.4875176723,0.3452477997,0.9877025189
1,male,55,0.1928757852,0.457372687,0.1460668172,3.9522464,0.4092517377,0.3318833253,0.9375515467
1,male,55,0.1825492896,0.4603863544,0.1909744278,3.341831137,0.5029906929,0.3259441818,0.9094126739
1,male,55,0.2130321606,0.4576528311,0.1633392588,3.196408615,0.4528562152,0.3659693785,0.9902070485
1,male,55,0.187454778,0.4559231497,0.1716740185,3.430013765,0.4291803373,0.336849683,0.9828648849
0,female,27,0.2126881883,0.4450430598,0.1485076211,2.384532675,0.4661994247,0.3308582048,0.9082491883
0,female,27,0.2028527457,0.4427354829,0.1527593096,3.785895858,0.4698484491,0.3505782673,0.9483223475
0,female,27,0.2142437379,0.4498021244,0.1396638383,3.150198735,0.4548120912,0.3602588605,0.9073187368
0,female,27,0.1632901667,0.45815044,0.1542699878,2.591471649,0.4626917447,0.3472180912,0.9356712895
1,male,64,0.2023113831,0.4506034405,0.1416612764,4.447241739,0.4535609923,0.3101716053,0.8601045131
1,male,64,0.1851879105,0.4517966972,0.1544371871,5.034126992,0.5048727774,0.3285460901,0.850395727
1,male,64,0.2296632614,0.4723394167,0.1698545878,3.911338612,0.4517313897,0.3500577362,1.03757326
1,male,64,0.1993954429,0.4697180375,0.1587317314,4.014677521,0.511899495,0.357434675,0.9251545712
0,female,18,0.2327337711,0.4514906592,0.147540048,3.78152044,0.5207985631,0.3542793368,0.9481866361
0,female,18,0.2212690424,0.4568447048,0.1440391146,3.243650983,0.5672295461,0.3338160619,0.9062618207
0,female,18,0.2176812382,0.453607238,0.1423154722,3.258920567,0.5170233093,0.3596345781,0.9330322221
0,female,18,0.1994783277,0.4591433715,0.1620132514,2.777919931,0.4900722254,0.3612102881,0.9520817534
1,male,37,0.2133127134,0.4412871672,0.1346454833,4.665323471,0.4227111258,0.3048601732,0.9015971026
1,male,37,0.2006063024,0.4437337661,0.1460821001,2.931164984,0.4229602557,0.3007445207,0.9144008897
1,male,37,0.2126207611,0.451208499,0.1430827825,3.944040795,0.4431191187,0.2962474464,0.9122222082
1,male,37,0.2138626791,0.4628076092,0.155375099,3.203298231,0.4314716956,0.3287749618,0.9536048203
1,male,63,0.1943540577,0.4644967879,0.1527532755,2.449062634,0.5188706805,0.3414371796,0.9841461135
1,male,63,0.2224933315,0.4713353796,0.1621105101,4.060832405,0.4703106714,0.3290997954,0.9762366199
1,male,63,0.2063895084,0.4696151503,0.1522204331,2.901531125,0.4501106388,0.3558622311,0.9007142114
1,male,63,0.2007810577,0.4849409867,0.1895603778,3.197464819,0.5042534497,0.3549854446,0.9920679854
0,female,45,0.2167836449,0.4678744525,0.1423355723,3.567560186,0.4715470296,0.3536569859,0.945337104
0,female,45,0.2129937477,0.470695365,0.1348214526,3.03760105,0.5564312263,0.331931979,0.8797912795
0,female,45,0.2535855352,0.4732668413,0.1353614339,2.597495948,0.4220252411,0.3317576819,0.9531884778
0,female,45,0.1848690805,0.4865294207,0.1483618703,2.431773976,0.4533890622,0.3756147634,0.9562507859
1,male,39,0.1943706524,0.4128902997,0.1595138416,4.602909246,0.4223025927,0.3493734043,0.8841956651
1,male,39,0.1999951875,0.414999893,0.186556804,3.435883151,0.470344454,0.3253011724,0.8920340419
1,male,39,0.2249538477,0.4173147369,0.1575672465,4.784125373,0.4350449299,0.374421074,0.9390134568
1,male,39,0.2103261056,0.4378547117,0.1742840723,2.409857913,0.3500505546,0.3596736061,0.9213911255
1,male,23,0.2082062663,0.4900825652,0.135783553,2.715835531,0.4963762082,0.334556668,0.9511651871
1,male,23,0.2119482771,0.4768133924,0.1574027087,2.452693722,0.5974133156,0.3599765479,0.9579738431
1,male,23,0.2248792161,0.4871441527,0.1284633276,2.360747283,0.4504467668,0.3677381871,1.003550803
1,male,23,0.2017185073,0.4945033913,0.1454277718,2.592666997,0.4824636932,0.3598405612,0.9441176457
1,male,15,0.2132427923,0.4734655875,0.1504102028,3.783379206,0.434321536,0.3318024722,1.043302972
1,male,15,0.2184686845,0.4785824379,0.1911101783,3.165078819,0.5449160158,0.3409911606,1.018396317
1,male,15,0.2470253508,0.4876037961,0.1517768983,4.120887841,0.448688049,0.3539422272,1.048494445
1,male,15,0.2219291811,0.484973898,0.1632262318,2.585647921,0.4436780952,0.3510899735,1.059211175
0,female,60,0.2251559935,0.4464205594,0.1795551183,3.716730933,0.4915429181,0.3260777847,1.033099019
0,female,60,0.1914274861,0.4582338404,0.1756128792,3.336926179,0.468802097,0.3381313942,0.9752645539
1,male,1,0.1933071371,0.4237684656,0.1660082668,4.474275911,0.4361737683,0.4267253292,0.9445179203
1,male,1,0.2114072406,0.42831593,0.1472265159,3.39205673,0.4690561341,0.3980768276,0.954869793
1,male,1,0.2243196355,0.4343735538,0.1550678907,3.88708077,0.4562994969,0.4149639696,0.9601877939
1,male,1,0.1833161897,0.4452991097,0.1628568189,3.382284669,0.3988781461,0.4220036138,0.9259228422
1,male,24,0.1949157494,0.453303963,0.1478175336,3.023923024,0.5093745527,0.3614136852,1.014192865
1,male,24,0.2079466498,0.4621157356,0.1380026456,4.1467926,0.4510203822,0.4091804459,1.043400055
1,male,24,0.2093493084,0.4735814398,0.1354833559,3.712214859,0.4301207279,0.3719623653,1.060334902
1,male,24,0.2086291035,0.4586794698,0.1436434627,3.826639331,0.4683233629,0.3865784092,1.044941667
1,male,6,0.2236869539,0.4634453314,0.1336060077,4.557558662,0.4779931915,0.3732695646,0.9241162343
1,male,6,0.2334691738,0.4620069313,0.1548350595,3.384864883,0.5421259013,0.3876814469,0.9745298403
1,male,6,0.2243230183,0.4679150745,0.141393766,3.181483956,0.4368486576,0.394513904,0.930434913
1,male,6,0.1737550904,0.4654427717,0.1424907881,3.481301896,0.4353956113,0.3718815696,0.9145716651
0,female,42,0.2034723164,0.4473976809,0.1565764662,3.081116038,0.4849674153,0.3733519424,0.8785684898
0,female,42,0.2138292949,0.4517527558,0.1618326427,3.837424569,0.4344025972,0.3800157342,0.9486696725
0,female,42,0.219533322,0.4618167882,0.1527027222,3.334103581,0.4491617133,0.3700864328,0.9456384582
0,female,42,0.1927369952,0.4735953941,0.1756278269,2.838308262,0.4736356491,0.3903542282,0.9805545059
0,female,58,0.2256874489,0.4844733777,0.136907619,3.868546552,0.4551583569,0.3655597774,0.9559592396
0,female,58,0.1831958726,0.5101508255,0.1741628702,2.943495982,0.4561441133,0.3858094306,0.9885525596
1,male,48,0.2091760249,0.4580093944,0.1721835264,4.928308232,0.4316485578,0.3439413921,1.076928471
1,male,48,0.2174418324,0.4698109636,0.1838656165,3.19672903,0.5173580335,0.3282814219,0.9611239105
1,male,48,0.2645030476,0.4711187862,0.1618085863,4.085942532,0.4607032051,0.3592180918,1.03345772
1,male,48,0.2094302253,0.4728352679,0.1791732557,3.200062499,0.4386007043,0.3720882399,1.058950519
0,female,2,0.2124744546,0.4739696626,0.1644098803,2.416921244,0.5608905207,0.3421866031,0.9810572463
0,female,2,0.2069764003,0.4714656919,0.1456834772,3.267069277,0.4023670313,0.3351476959,0.9168864308
0,female,2,0.2517174293,0.4708862016,0.1552713057,3.648803862,0.4087625596,0.3557359423,0.939259606
0,female,2,0.2144713036,0.499997471,0.154557746,3.324505788,0.4347270948,0.3308372425,0.9608224911
0,female,34,0.2339664895,0.4399777211,0.1471168583,3.534253983,0.4962273629,0.3777783063,0.9980387337
0,female,34,0.2135023843,0.4393962242,0.1533099258,2.260381055,0.4746663353,0.3536620718,0.9644416381
0,female,34,0.2456034198,0.4437823364,0.1310679854,2.983119525,0.4668781969,0.3470375945,1.000180401
0,female,34,0.1908453425,0.4731300447,0.1667365293,2.372998775,0.4448965443,0.3963151355,1.025654204
1,male,12,0.212711215,0.4541918387,0.1255895395,3.235412998,0.4274681074,0.3425636287,0.9893718551
1,male,12,0.2080922828,0.4597509216,0.1468473794,2.481500778,0.5366270529,0.3213493248,0.9334319432
1,male,12,0.2304227023,0.4773548779,0.1503388462,2.983499816,0.4489181388,0.3723684467,1.03266203
1,male,12,0.2191887161,0.4768984381,0.1378339181,2.403214653,0.4013266782,0.3663063921,0.9732337842
1,male,41,0.2002598605,0.47274453,0.1761117934,4.122226352,0.5506217907,0.3614595387,0.9407070254
1,male,41,0.1885273522,0.4723718728,0.1540320971,5.29122443,0.5020300674,0.340290351,0.9370854708
1,male,41,0.1909979713,0.4824564543,0.1464408047,7.53074401,0.5204105059,0.3866274997,0.9636147858
1,male,41,0.1910447206,0.5070822556,0.1770486727,5.277065959,0.4773290722,0.3706877529,0.986054854
0,female,51,0.2748787766,0.455719682,0.183624725,3.675054118,0.4989906455,0.3411064706,0.9512668563
0,female,51,0.2036002065,0.5055953474,0.1601949567,2.673614393,0.4477983449,0.3678978002,0.9326542884
1,male,46,0.1897830896,0.4412283782,0.1929524939,2.356744922,0.4796724944,0.3321726774,1.024203347
1,male,46,0.211201434,0.4383078712,0.1505932485,3.093383986,0.3930798241,0.3502273283,1.060945174
1,male,46,0.2434074332,0.4523061729,0.1542540093,4.110381023,0.3922263902,0.3678636788,1.013022608
1,male,46,0.1825146551,0.4460509741,0.1803200564,2.897754302,0.3842448125,0.3536380622,1.06350359
0,female,33,0.2289580687,0.5077578807,0.1533176234,3.929791488,0.4557493258,0.3030434755,0.9083821413
0,female,33,0.2228394657,0.5035013035,0.1463476855,3.402500953,0.5344585019,0.3145178032,0.894115307
0,female,33,0.2478490808,0.5107779691,0.145029851,3.08387387,0.4445603005,0.3494569533,0.9136706408
0,female,33,0.1982368489,0.5115079974,0.1414992786,2.798964319,0.4622657166,0.3961530186,0.894509681
0,female,56,0.2395957792,0.4761887529,0.1442752063,3.062910135,0.463620246,0.3635582619,0.9715763635
0,female,56,0.1963266755,0.500041158,0.1610028208,2.719044198,0.4491334621,0.401373672,0.9843068611
0,female,5,0.2329572436,0.461637523,0.1362723344,4.164947369,0.4507576177,0.3581545315,0.9947924602
0,female,5,0.2289742765,0.4685923381,0.1729225416,2.572673298,0.5485802543,0.346599954,0.9756728167
0,female,5,0.252311845,0.4648946877,0.1428056453,3.569337723,0.4679952456,0.362172581,0.9736958749
0,female,5,0.2055628326,0.4703575225,0.1455189827,3.217431322,0.4553440289,0.3760040051,1.033303042
1,male,13,0.2171131289,0.4551297823,0.167480707,3.964100601,0.4112216964,0.3851220026,0.9637643282
1,male,13,0.2243768471,0.455020994,0.1707986108,2.930670196,0.5183517229,0.3451553682,0.9157649393
1,male,13,0.2560525713,0.4653935602,0.1658384601,2.941732304,0.4066887998,0.4129288258,0.9529287973
1,male,13,0.2180029971,0.4638152841,0.1624653225,3.141987925,0.4024547312,0.3826583786,0.9227470614
1,male,71,0.1907894452,0.4751652453,0.1442048104,3.329825809,0.3467680056,0.3354915277,0.9727709177
1,male,71,0.2221442292,0.4752702626,0.149793839,3.71091088,0.4733815518,0.3446584787,0.9152923515
1,male,71,0.2478068239,0.4860856147,0.1411463597,4.16819158,0.3904783193,0.35318089,0.9730682575
1,male,71,0.221186273,0.4830279029,0.1504149113,2.996313645,0.4286119063,0.3670394391,0.9623009483
1,male,22,0.2121721581,0.4539358216,0.1597567209,3.227267794,0.5178378264,0.3436534033,0.8861169985
1,male,22,0.2191703274,0.4608279457,0.1405282131,4.830756675,0.3967713265,0.3269472198,0.8881853952
1,male,22,0.2394190101,0.4471043863,0.1213624939,3.944061523,0.4191830784,0.3442736004,0.8770466072
1,male,22,0.2280870437,0.4644737876,0.153477778,3.616244976,0.4607624028,0.3425796166,0.8878237176
0,female,59,0.2350027726,0.4709165776,0.1782561312,4.395175322,0.4477671126,0.372229607,0.9178169496
0,female,59,0.1887619549,0.5100796662,0.1572314415,3.058340842,0.3909377008,0.4065107758,0.8725655884
0,female,57,0.2402403871,0.4474258829,0.1433444838,3.000486073,0.4369708491,0.3608668231,0.955969605
0,female,57,0.1755292141,0.4440816782,0.1534249173,3.367244373,0.4742193661,0.3477288955,0.9841002692
0,female,35,0.2216861495,0.4448536098,0.1756115234,3.643488892,0.464643297,0.3401695343,0.9423495061
0,female,35,0.2095965916,0.438817088,0.1590334237,2.923437814,0.5054969865,0.3354515129,0.8923148407
0,female,35,0.2341469137,0.4417376598,0.154777642,3.431588935,0.4245975496,0.3906173267,0.9851987351
0,female,35,0.1895566101,0.4712813335,0.1618186619,2.84661775,0.4337484718,0.3909293123,0.9895872857
1,male,70,0.2010744056,0.4639252027,0.1821527296,2.574079424,0.5413116791,0.3309302657,0.9587578731
1,male,70,0.1821401491,0.4681124491,0.1558662917,4.940948554,0.4511123174,0.3261489829,1.001137068
1,male,70,0.2110779423,0.4757157005,0.166316258,4.290494258,0.5097432047,0.3574780305,0.98867658
1,male,70,0.1787230575,0.48829239,0.167922551,2.80042455,0.4934711745,0.3774585994,1.011847263
1,male,14,0.2172281852,0.5003765532,0.1486672581,2.194621621,0.5721558206,0.3733100541,0.9252615849
1,male,14,0.2258771215,0.5025769781,0.1330616108,3.069316367,0.4593568202,0.3716873849,0.9530803502
1,male,14,0.2404923153,0.5150120243,0.1328550677,2.653535037,0.4663434467,0.3922796246,0.9846963012
1,male,14,0.2353593216,0.532703296,0.157031334,2.376821452,0.4836051164,0.4081656833,0.9704614628
1,male,25,0.2073775468,0.4513917197,0.1376207057,3.330644977,0.3894951231,0.3708682817,1.010410107
1,male,25,0.2088135499,0.4505278948,0.1471908282,2.328424362,0.4880478039,0.333604508,0.9725446446
1,male,25,0.2141315328,0.4585894847,0.1483868445,3.0133325,0.3930643305,0.3818541555,1.059759407
1,male,25,0.2201659636,0.4667303624,0.154917523,2.677514599,0.3896787259,0.3312945894,1.070920044
0,female,50,0.2121369257,0.4583901769,0.1473561994,2.975269729,0.4293339165,0.3725595813,0.9623834983
0,female,50,0.1968161122,0.5032496453,0.1551728569,2.619402442,0.4629723176,0.3481937333,0.944975019
0,female,47,0.233663358,0.4651091887,0.1334591132,3.124249987,0.4460493602,0.3175571284,0.9364055717
0,female,47,0.1902247547,0.4723110345,0.1393981703,2.333873759,0.365860988,0.3264373432,0.9183305272
1,male,76,0.2251772878,0.4661542586,0.1509418221,3.429208242,0.4318837468,0.3909446354,0.8870657063
1,male,76,0.1884984098,0.4731390484,0.1886983533,2.605555353,0.4144037367,0.3606531417,0.929980993
1,male,40,0.1982558138,0.472228212,0.1763552024,3.821429839,0.4937348119,0.3284033369,0.9804684631
1,male,40,0.1875461873,0.4638638446,0.1989090878,3.745302162,0.4835784454,0.32155272,0.9700529708
1,male,40,0.209650667,0.4636810789,0.1960641957,3.649045466,0.4940207771,0.3574065853,0.9710833447
1,male,40,0.1905894462,0.4648191734,0.1565914131,3.448889721,0.4854285639,0.3709116671,1.010769377
1,male,3,0.2416009376,0.4720054515,0.1631038038,4.235137695,0.5172854491,0.3753622634,0.933771056
1,male,3,0.2390094046,0.4688844438,0.1478356366,3.498117946,0.4836824763,0.350703294,0.9621291661
1,male,3,0.2414392845,0.4751704609,0.1602294538,4.639975367,0.4845809096,0.3511146774,0.9491084171
1,male,3,0.1768391713,0.4846283543,0.1724189235,4.861228808,0.4331439879,0.3757430193,0.9367182106
1,male,49,0.1903736783,0.473042723,0.1376860999,5.174451393,0.4250912554,0.2962891076,0.959189538
1,male,49,0.2101241911,0.4958087365,0.1725082576,3.32223567,0.4862198728,0.283739904,0.9326121958
1,male,49,0.2437915189,0.4824909419,0.1729916375,4.697312348,0.4676469295,0.3552035715,0.9637123192
1,male,49,0.1580061437,0.5180668379,0.1673816367,3.501181069,0.4270143444,0.3659520649,0.9786383623
0,female,4,0.2126648607,0.4834043117,0.1348716208,4.149002111,0.4286690965,0.372969062,0.9337359099
0,female,4,0.2104116593,0.474155263,0.1646693954,2.979601673,0.5359338163,0.3376239344,0.9308468684
0,female,4,0.2245943623,0.4826682918,0.1229998768,3.418982914,0.4522161913,0.3558831643,0.9433899473
0,female,4,0.1747497182,0.5023495068,0.1395888645,2.998042563,0.4191746369,0.3659961308,0.9467806781
0,female,32,0.235036747,0.4484352924,0.1334111854,3.827117294,0.4343339443,0.3172640283,0.8772383175
0,female,32,0.2311357085,0.4484181079,0.1602993302,2.33743278,0.4541438662,0.3070095053,0.9176390423
0,female,32,0.2566422672,0.4652314639,0.1416736956,3.632461502,0.4084931637,0.337980023,0.8685790242
0,female,32,0.2093675216,0.4857932632,0.1667675424,2.883186622,0.4171695108,0.3776253604,0.8876546797
0,female,3,0.2490028352,0.5254965851,0.162832511,2.878348823,0.5135040208,0.3474214285,0.9214113707
0,female,3,0.221773299,0.5046485506,0.1456114498,3.506387834,0.436727432,0.3493738576,0.9154308224
0,female,3,0.2313387508,0.5043161493,0.1461158785,3.22593998,0.4161520932,0.3904514745,0.8928548041
0,female,3,0.1862641375,0.5201260781,0.1668463808,2.646336274,0.3741686771,0.3852041304,0.9053526815
1,male,47,0.1910338304,0.4460951446,0.1661125542,3.709509632,0.4942900918,0.3452465709,0.9012780128
1,male,47,0.2048691012,0.4397791653,0.1623687928,5.074911704,0.4417465945,0.3319145838,0.8814486862
1,male,47,0.2314009995,0.4446130598,0.1563798428,4.282237373,0.4854505531,0.381447735,0.9196936857
1,male,47,0.1956042982,0.4464908391,0.1605242152,4.109747172,0.4684232502,0.36602513,0.896114779
0,female,40,0.226312704,0.4523161478,0.157435046,3.225415496,0.5453841712,0.303771076,0.8723079015
0,female,40,0.220417196,0.4497922319,0.1391920681,4.167459971,0.4819449807,0.3269335347,0.9360631818
0,female,40,0.2265685846,0.4468468253,0.1370162839,3.920968057,0.5075495743,0.3348963095,0.9393682308
0,female,40,0.1870266525,0.4656268119,0.1549741844,3.751849636,0.4934297657,0.3554115999,0.9455057094
1,male,35,0.2121070953,0.4582825807,0.1651474254,2.674322982,0.5035545993,0.3494907623,1.02503242
1,male,35,0.2240067137,0.4695318336,0.1574722411,4.941360092,0.4640523202,0.3521767393,1.007650307
1,male,35,0.2723318718,0.4707552459,0.1587697563,4.059580773,0.5139445699,0.3719833773,1.051729711
1,male,35,0.2289754368,0.484632366,0.1767985887,3.891638117,0.488705156,0.3998439601,1.066657375
1,male,4,0.2368516864,0.465985653,0.1314903201,6.940879556,0.4385173648,0.3692979859,0.9680759993
1,male,4,0.248212513,0.4632490174,0.1578533893,2.581968141,0.5292622083,0.334637984,0.8924150549
1,male,4,0.2271896204,0.4621367645,0.1515832575,3.63905123,0.4499050303,0.3768789689,0.9840094141
1,male,4,0.2057347866,0.4667881151,0.1514207916,3.87317181,0.4429068447,0.3617491836,1.001245075
1,male,50,0.2226043649,0.4743468774,0.1605923752,4.54141502,0.4684822847,0.3443089745,1.064664811
1,male,50,0.2114092811,0.4575908797,0.1589599894,3.180809055,0.570257937,0.3411003482,1.06240293
1,male,50,0.2458888334,0.4794059688,0.1511654774,2.865510795,0.4540588238,0.3667517997,1.048823458
1,male,50,0.2080785385,0.4846021984,0.1619956156,3.09775762,0.4587971544,0.3736896204,1.110220202
1,male,32,0.2121644642,0.4524600642,0.15137937,5.129013116,0.4445410146,0.3223676254,0.8683057168
1,male,32,0.2071225334,0.4579312374,0.1581208154,2.722604956,0.4919607532,0.3024643869,0.8867696685
1,male,32,0.2177332402,0.4665096262,0.142941007,4.586943403,0.4501787254,0.3405476216,0.8693111782
1,male,32,0.1956908143,0.461440957,0.1612735857,3.642729517,0.4561043945,0.355760128,0.8760542778
0,female,22,0.1908548488,0.4351128641,0.1572294393,3.077681521,0.4839460896,0.33465994,0.8699508532
0,female,22,0.2183607241,0.4492647407,0.1314634944,2.980437027,0.3850026184,0.3258876123,0.9266864189
0,female,22,0.24324935,0.4612106278,0.1331586623,2.655116746,0.38495499,0.3307729172,0.9319316981
0,female,22,0.2037718058,0.453354547,0.1442347101,2.338403112,0.3722870731,0.3688337441,0.913616165
0,female,25,0.1924018826,0.4792208127,0.1518364207,3.173524072,0.4685011977,0.330660124,0.9084017759
0,female,25,0.2188903985,0.4785797385,0.1474282829,2.86862381,0.4357496928,0.315024307,1.020990987
0,female,25,0.2396588554,0.4853548677,0.1393136514,3.035624105,0.4607902712,0.382417905,1.016596711
0,female,25,0.2068279592,0.5141696641,0.1584169671,2.900000983,0.418294676,0.3449727271,1.024510694
1,male,59,0.2236090173,0.4780284992,0.1777188642,2.991302886,0.5159402091,0.334955428,1.00523064
1,male,59,0.2248680384,0.4806945033,0.1948594808,6.096216496,0.5177718196,0.3538654348,0.9598452807
1,male,59,0.2561404141,0.4780942618,0.1765058412,5.426408315,0.5586301815,0.3566250051,0.9948345053
1,male,59,0.2293771626,0.4751151716,0.1936065915,4.505583579,0.4906091133,0.3695225375,0.9758635484
1,male,66,0.1835550324,0.4650339361,0.1356125877,7.936170317,0.4291436375,0.3084850854,0.8747175211
1,male,66,0.1985807835,0.4606886842,0.1470229404,3.997332076,0.4737615265,0.3272405711,0.9136660502
1,male,66,0.212322967,0.4676157427,0.1277739818,4.32387791,0.4285765982,0.3355180553,0.9299579622
1,male,66,0.1933382455,0.4838246608,0.1522504062,4.138241984,0.424345348,0.3567459724,0.9118381068
1,male,61,0.1988484449,0.4937157075,0.1428749976,4.646418667,0.4136418548,0.3418212827,0.9410839661
1,male,61,0.1943311109,0.4726326545,0.1538577475,3.137626293,0.4644590617,0.3308273207,0.8940857848
1,male,61,0.267124078,0.5187892753,0.1431582806,3.834782646,0.4406485486,0.3923586632,1.011202439
1,male,61,0.2348067001,0.5401047362,0.1447359937,4.56658128,0.4085180722,0.3730718385,0.9283033887
0,female,49,0.2594489926,0.4896757619,0.1564354619,3.087484616,0.448338178,0.358457312,0.9489090394
0,female,49,0.2016657774,0.4957762242,0.1367714619,3.061124316,0.4908427647,0.4009147115,0.9453245965
1,male,57,0.1897129046,0.4609294228,0.1693318297,2.971168841,0.5271819563,0.347533465,0.9989493511
1,male,57,0.2073364984,0.4648440843,0.1531001403,3.313566216,0.459491661,0.356975387,1.018251532
1,male,57,0.230573292,0.4762538096,0.1462163588,3.443569962,0.4798454274,0.3682237649,1.02486669
1,male,57,0.2071925298,0.4886741422,0.1741655817,3.235754916,0.4906628542,0.3709053262,1.046326439
0,female,13,0.2134002294,0.4605166017,0.1454912807,2.791787907,0.4668786355,0.3081337845,0.9167950099
0,female,13,0.2262622697,0.4500835379,0.1271377019,3.787620504,0.4319820813,0.3183959456,0.8883465684
0,female,13,0.2327572925,0.4487503945,0.1438774276,3.063244715,0.4388592979,0.3413987813,0.9153586415
0,female,13,0.18742444,0.4619789728,0.1545882443,2.811663912,0.4204572576,0.3683786857,0.9086919327
0,female,14,0.2224355874,0.4596322079,0.149450666,3.286213758,0.4579585699,0.3017647903,0.9976792619
0,female,14,0.2098321637,0.4624722767,0.1430440561,2.924337466,0.5210862187,0.3091383377,0.9408661617
0,female,14,0.2270336219,0.4608123145,0.1492377223,3.492335682,0.4581922674,0.3107707828,0.98845347
0,female,14,0.1926682686,0.4742001303,0.1785018983,3.505131454,0.4766253315,0.3653079218,1.018468979
0,female,41,0.2246503802,0.4549823551,0.1425324176,3.450991415,0.4773118636,0.3342978913,0.8541485839
0,female,41,0.2254758374,0.4538587384,0.1762923796,2.983375217,0.5117744571,0.3597961363,0.8470057882
0,female,41,0.243620441,0.4642561243,0.1477883929,3.011706141,0.4529895105,0.340043559,0.8817524841
0,female,41,0.2103292195,0.488290406,0.179341944,2.703277198,0.4482992687,0.4018249088,0.8617434544
1,male,5,0.245516971,0.4809706466,0.1212724358,10.42825714,0.4368407157,0.336539931,0.9059325829
1,male,5,0.2262687752,0.461280949,0.1393691702,2.860667301,0.4910584311,0.3242568402,0.8884171491
1,male,5,0.2243964988,0.4757401452,0.1298804803,4.972351841,0.4409611124,0.3529624713,0.8914472322
1,male,5,0.1904464817,0.5094641523,0.1173979226,4.347034528,0.4007367642,0.3593200832,0.8603380424
1,male,33,0.2158047911,0.4536032748,0.1839084088,4.577532532,0.5448333345,0.3198166087,0.9269241723
1,male,33,0.2319301888,0.4516618127,0.1919707839,5.076708776,0.4511108259,0.3559952723,1.03235622
1,male,33,0.2260944786,0.458496007,0.1985572255,5.30225189,0.4796735467,0.3746961098,1.021553291
1,male,33,0.2141450579,0.4654226965,0.2335756845,4.364924868,0.4876595683,0.3638994467,1.07474505
1,male,68,0.2046124825,0.4605118888,0.1655106581,3.174119208,0.5047770308,0.383574159,0.929938016
1,male,68,0.1932851135,0.4472814921,0.1531678123,3.775973658,0.3886968286,0.3480589749,0.9619418879
1,male,68,0.216993097,0.4631922089,0.149056765,3.788303761,0.4126070107,0.4001172356,0.8739910414
1,male,68,0.2053105425,0.4751339678,0.1720471992,3.392376085,0.4480004213,0.3998233494,0.9899532178
0,female,48,0.2561103481,0.4643169436,0.1569259301,2.92385551,0.4731168436,0.3512882977,0.9270445398
0,female,48,0.1804508124,0.4739183302,0.1588457697,2.414049693,0.4248807247,0.3711690186,0.9235487257
1,male,34,0.2531369256,0.4465172286,0.1387992301,3.590737816,0.4631011033,0.3589477704,1.122719864
1,male,34,0.2038398297,0.4601527062,0.1495570877,2.943838076,0.4662927034,0.4000495966,1.15645574
0,female,46,0.2042254583,0.4313465388,0.1561361663,5.68837846,0.4927744099,0.3409618536,0.9052666802
0,female,46,0.1975531621,0.4296762737,0.149608928,4.366274523,0.5722379635,0.3090565807,0.845165589
0,female,46,0.2257901405,0.4344363119,0.2004053277,5.684229584,0.5774612931,0.3636695503,0.9935384893
0,female,46,0.1721370594,0.4604926446,0.1969897929,4.12484492,0.5353130201,0.3966090462,0.9477305261
1,male,58,0.1867618712,0.4313859815,0.1760703178,3.403776981,0.4103951542,0.3113351237,1.022325759
1,male,58,0.1988940086,0.4379303173,0.173129167,3.616472634,0.516403742,0.2951706078,0.9931277374
1,male,58,0.2061634023,0.4395980488,0.1803821548,3.025600441,0.4263154069,0.3742291441,1.070583497
1,male,58,0.1858333746,0.4482178643,0.187926938,3.352503935,0.4723816652,0.3237866709,1.012842757
1,male,2,0.2086629636,0.4802998974,0.1353954511,3.287606011,0.4129101807,0.3743730911,0.9817626857
1,male,2,0.2334800802,0.4876580511,0.1359867593,3.30439863,0.4856349365,0.3675512821,0.9720685319
1,male,2,0.2340013031,0.4825733815,0.1344803649,3.76200991,0.3975574554,0.3699218241,0.9259433708
1,male,2,0.182113369,0.4902739073,0.138032559,3.139655093,0.3808382561,0.3579606586,0.9035732508
0,female,12,0.2029749499,0.4489076657,0.1365708785,3.630493283,0.453723,0.3327421218,0.8972041152
0,female,12,0.1961619014,0.4452671797,0.1522661685,2.145605067,0.5429779305,0.3089323116,0.9703309524
0,female,12,0.2091988798,0.4491241071,0.1416519252,4.503754028,0.4424529928,0.3329133963,0.9733416611
0,female,12,0.1700368963,0.4656001299,0.1402647436,3.099880992,0.4210180458,0.3495148448,0.9255737717
1,male,60,0.1853342487,0.4597905733,0.1770270697,3.442290898,0.4172014212,0.3301299235,0.8995033109
1,male,60,0.186322943,0.4587019021,0.1522931015,3.440854247,0.398875007,0.3334648047,0.9482872318
1,male,60,0.2331406843,0.4665425312,0.1352180424,2.845945553,0.3995488065,0.3385812483,0.9617259547
1,male,60,0.208792007,0.4633352642,0.1607110692,2.682551736,0.3896003554,0.3626261867,0.9208416228
1,male,67,0.2194812395,0.4545622925,0.1608643548,3.202427371,0.4955648665,0.3289884254,0.9384854332
1,male,67,0.1931401241,0.4507521627,0.1536974466,4.194413748,0.4333241856,0.3262885858,0.9818718294
1,male,67,0.2084658612,0.4566292491,0.1247787146,5.094424123,0.3962303795,0.3326688151,0.9864842114
1,male,67,0.2044274646,0.4718580631,0.1670598477,4.093995562,0.4632172574,0.3319125859,1.030264483
1,male,69,0.2000328108,0.4519448938,0.1533717028,4.383942475,0.4550719505,0.2958091278,1.000399788
1,male,69,0.2094332473,0.4552436062,0.1501341217,2.827398885,0.5310462986,0.3381754761,1.001076794
1,male,69,0.2336572793,0.4603137568,0.170159082,3.263430968,0.503952563,0.3453144016,1.064354087
1,male,69,0.2033938624,0.473164739,0.1708594951,3.27684901,0.4916883089,0.3309496774,1.01781398
0,female,23,0.1897719515,0.465946599,0.1441306733,3.496507315,0.4393155805,0.3265288062,0.9765478048
0,female,23,0.2146211825,0.474377006,0.1622214509,2.941106246,0.4985640235,0.3241573702,0.943867588
0,female,23,0.2194760129,0.4748494956,0.1609117278,3.60741261,0.5000211288,0.3377977894,1.026188436
0,female,23,0.1899173102,0.4767916667,0.1469219723,2.413677253,0.4360388131,0.3506195108,0.9546215973
1,male,51,0.2230961695,0.5060882128,0.1781650654,3.465819052,0.4483836926,0.3577163481,0.9902317065
1,male,51,0.224387576,0.4818053319,0.176796966,2.086475354,0.5065982562,0.3399360722,0.9712087993
1,male,51,0.2315392793,0.5104910879,0.1571287416,3.764523226,0.4182320286,0.3458320995,0.9728373992
1,male,51,0.2174212128,0.5138724846,0.204463478,2.917808706,0.457559048,0.3394317166,1.086161327
0,female,15,0.2055628305,0.4795532069,0.1575486648,2.37766034,0.5147280906,0.3234299164,0.9146254635
0,female,15,0.2168944644,0.4847747066,0.140323337,3.04822674,0.4645286199,0.3686144871,0.92561916
0,female,15,0.2234897398,0.4839229559,0.1531965869,2.256822264,0.419154958,0.3417160838,1.029477077
0,female,15,0.1740582626,0.487950844,0.1439694957,2.112503442,0.4277133318,0.3648260842,0.9507140267
1,male,56,0.2055087299,0.4231423059,0.1747339893,3.584155299,0.5392364238,0.3467525164,0.8856679636
1,male,56,0.2221530605,0.4481991262,0.1626033747,4.187584782,0.437589912,0.3472273724,0.8988253236
1,male,56,0.2369158782,0.4455572574,0.15511717,3.364648788,0.4299667473,0.3738144048,0.8998933823
1,male,56,0.2064216097,0.4523190824,0.1858219081,3.553038123,0.4356756406,0.3763526375,0.9337525119
0,female,39,0.2437650394,0.4530543014,0.1546551513,2.221693032,0.4677943734,0.3023047451,0.9390710493
0,female,39,0.2081757344,0.4472900344,0.145268619,3.242334427,0.4417380092,0.3026064944,0.9601110061
0,female,39,0.2325443325,0.4612171705,0.1513168811,2.952055804,0.4262516189,0.3433947268,0.9638442003
0,female,39,0.2003656852,0.4866522182,0.1334467232,2.650419617,0.4372232027,0.3362771325,0.9702455153
0,female,37,0.21100953,0.4846100443,0.1832361103,3.077091619,0.5421194553,0.3473768196,1.003281414
0,female,37,0.2032242617,0.476886765,0.1617963074,3.266278345,0.4404515011,0.3605130655,1.054185371
0,female,37,0.2441837736,0.4838466042,0.1816500078,3.037169975,0.4902690547,0.350571354,1.126335966
0,female,37,0.1937704148,0.4978333878,0.1552146451,2.885088691,0.4742746968,0.3704068141,1.052789492
1,male,74,0.2065620056,0.4550223749,0.1857598223,6.811629037,0.5130295143,0.3010147251,0.9858688208
1,male,74,0.2360173658,0.4554120616,0.1987256377,4.00168372,0.6134944791,0.2888187905,0.918197995
1,male,74,0.2183349031,0.4526015271,0.1706305207,4.26481278,0.5189623969,0.3304996522,0.993027185
1,male,74,0.1874006665,0.4749692278,0.2354344267,3.555168478,0.5268196978,0.3382384006,1.003241822
1,male,42,0.2319195135,0.4844817395,0.1582528294,3.310033554,0.4954476109,0.3772238224,1.033455676
1,male,42,0.2105365798,0.4884248681,0.182614858,3.102644219,0.5958822376,0.3761150493,1.000642062
1,male,42,0.2559553277,0.4900861459,0.1701780691,3.868974459,0.5037044903,0.3992073782,0.98082179
1,male,42,0.2355457312,0.5096519888,0.1741472432,2.535129274,0.4867436896,0.3846938963,0.9826421535
1,male,73,0.1929981437,0.4360972116,0.1524495427,2.300248503,0.4858323341,0.3327772142,0.9217966232
1,male,73,0.1930228136,0.4266594779,0.1258530034,4.774678121,0.426491629,0.3075502907,0.8863006552
1,male,73,0.2056601653,0.4367584677,0.1378863741,3.24384683,0.4190701976,0.3504321997,0.9241600463
1,male,73,0.192436534,0.4416001629,0.1358649739,3.814291274,0.4533940979,0.3313218566,0.8949266086
1,male,45,0.1819648863,0.4640902266,0.1674027513,4.446680917,0.4087831245,0.3249374397,0.8511907335
1,male,45,0.195829477,0.4683141332,0.1989959802,3.115457098,0.4564859759,0.3374297293,0.8850543066
1,male,45,0.2198790983,0.4787797835,0.1523528606,4.455302117,0.4423191449,0.3912700196,0.8341710202
1,male,45,0.1749774101,0.4841584368,0.1787934346,3.555531817,0.4366262045,0.368125427,0.8408404074
0,female,30,0.2071880481,0.5076196834,0.1632827506,3.557277241,0.4825462507,0.2952391158,1.046187722
0,female,30,0.2034314598,0.4996623331,0.1976123326,3.045138718,0.5775959686,0.3025454811,0.971069755
0,female,30,0.2395848889,0.5163480997,0.2015910908,4.41543365,0.4988636214,0.3240911974,1.120239122
0,female,30,0.2040122143,0.527931257,0.2052016994,2.535672143,0.4950013232,0.3682355324,1.130017189
0,female,8,0.2274813452,0.4669555185,0.196318068,3.050488133,0.595976918,0.363812299,1.02137891
0,female,8,0.2042080432,0.4460270991,0.169292577,3.497560951,0.4670788607,0.328174982,1.104092924
0,female,8,0.2242972543,0.4607123307,0.1502748091,4.663606065,0.4780059337,0.35712804,1.075439084
0,female,8,0.20823716,0.5244964929,0.1909299277,3.134020689,0.4475392442,0.3665852471,1.08193673
0,female,24,0.2185923882,0.4529928677,0.136527724,3.508772603,0.4264374372,0.3027515295,0.8938819224
0,female,24,0.2023087794,0.4374216607,0.1511877814,2.834471715,0.5029683617,0.2931820882,0.8894441938
0,female,24,0.2269119769,0.4547176295,0.1364370644,3.252613151,0.4068377427,0.3270293081,0.9217431524
0,female,24,0.1906261646,0.4589512456,0.1656928722,2.848627477,0.4088081602,0.2951519656,0.9055246133
0,female,1,0.2662378812,0.4850083698,0.153617968,3.109573548,0.4569261257,0.3629469371,1.055722584
0,female,1,0.2633506512,0.4736829301,0.1619157908,3.019782847,0.5661451653,0.358082052,0.974968076
0,female,1,0.2695630156,0.4684246984,0.1580530147,2.828371683,0.4947288554,0.3450013147,1.066541408
0,female,1,0.2439675595,0.4903619987,0.1593296686,2.838912992,0.4251276717,0.3860841089,1.043468068
1,male,29,0.2066212158,0.4628900108,0.1674021644,4.038762172,0.476268233,0.3237452073,0.8946124882
1,male,29,0.2064910088,0.4568662552,0.1884647978,3.24629931,0.5054540645,0.332062875,0.8636921441
1,male,29,0.2173890175,0.4660753903,0.1496755197,3.688081801,0.4837220784,0.3802443621,0.8738285678
1,male,29,0.1999741852,0.469289367,0.1883835573,3.552704435,0.4839942354,0.3370421743,0.8956460741
1,male,16,0.2002919317,0.4485273002,0.1261933919,5.489125718,0.3901297565,0.3196799945,0.8518752199
1,male,16,0.2035611803,0.4481553991,0.147956716,6.612494365,0.5142479555,0.3189190162,0.8631722108
1,male,16,0.2272649765,0.4621245113,0.1410036282,4.30385544,0.3953987421,0.3841795372,0.928760567
1,male,16,0.2008448894,0.4604415906,0.1478935455,3.964616454,0.4164553346,0.3650600446,0.9167110671
1,male,75,0.203028706,0.4327271401,0.1802034031,4.056283216,0.4115982589,0.3514001586,1.010943513
1,male,75,0.1965374355,0.4352638916,0.173134941,2.719560358,0.4794172568,0.3290387671,1.013770556
1,male,75,0.2549465442,0.4419944006,0.1559479736,4.709985066,0.4563657849,0.3327845309,1.080664531
1,male,75,0.2054646941,0.4424487433,0.1948522753,3.68251068,0.4548084113,0.3491971419,1.040497187
1,male,11,0.1948740654,0.4503351872,0.1427607977,4.107610998,0.4620860875,0.3343770514,0.95370768
1,male,11,0.2300025529,0.4424143022,0.1529832727,2.516983909,0.5109129976,0.3426426035,0.8696522389
1,male,11,0.21806764,0.4576079137,0.1553417054,2.782813637,0.450654358,0.3819746104,0.98232201
1,male,11,0.1958120957,0.4735357914,0.1463943406,3.07307512,0.4430722108,0.3812947984,0.9552762379
0,female,31,0.241679555,0.4616622577,0.1632055274,3.243116075,0.4979964456,0.3336180208,0.8835054932
0,female,31,0.208434837,0.4576955395,0.1462133054,6.08037121,0.4883684674,0.3543845874,0.8483864512
0,female,31,0.2516481836,0.444280851,0.1516159154,4.59683164,0.4811159159,0.3441066297,0.9032868034
0,female,31,0.1868256936,0.4913175254,0.1489969353,3.560272714,0.4554944399,0.3913436381,0.8704592848
0,female,52,0.2087850426,0.4240579181,0.1300193206,5.172368568,0.4271956186,0.2917758541,0.9272551458
0,female,52,0.1819293823,0.4242845158,0.1496333675,4.604400015,0.4676304916,0.3035452269,0.9612501749
1,male,18,0.2178676626,0.4609205015,0.1499862217,5.315703731,0.3930057778,0.3418479859,0.9835613199
1,male,18,0.2069270229,0.4530731676,0.1872128234,2.668834383,0.4811829108,0.3509665425,0.9246161816
1,male,18,0.2242178779,0.4642823083,0.1781371683,4.903696294,0.3893083478,0.3513003139,0.9874683346
1,male,18,0.2048464703,0.466019815,0.1821490949,3.42651006,0.4073373538,0.3572338109,1.009116878
0,female,55,0.2400572255,0.4863087775,0.1517134531,3.17165444,0.4489248657,0.3616405009,0.9381081968
0,female,55,0.1963842677,0.4924840471,0.1513651064,2.218625701,0.4422180292,0.3689415777,0.9195517767
1,male,20,0.188672856,0.4120279783,0.1807356536,3.284484228,0.5501236771,0.3351578229,0.9368755647
1,male,20,0.1996604669,0.4192660853,0.1719050389,4.581521455,0.4635346907,0.3179516092,1.036906126
1,male,20,0.2343129958,0.4209600002,0.165279656,3.719344783,0.4749547272,0.3385589117,1.071473453
1,male,20,0.1993717609,0.4295940759,0.1909119927,2.970333272,0.4727508295,0.3582850573,1.095519705
1,male,27,0.2052690891,0.4291670308,0.181883409,2.590735429,0.5329075728,0.3403705958,0.9984744944
1,male,27,0.2239474599,0.435783931,0.1624457313,3.115236797,0.4721557,0.3576193034,1.025809658
1,male,27,0.2331102115,0.436732723,0.1753347958,2.767030761,0.4617228138,0.3748330507,1.051979164
1,male,27,0.1994578275,0.434500905,0.1837930494,2.526130244,0.4578964252,0.3666941818,1.035380579
0,female,9,0.2204956307,0.4942249868,0.1717793547,3.275525094,0.508677836,0.3591172076,0.9816271851
0,female,9,0.2050634311,0.49000912,0.1446931119,2.935836264,0.4463578287,0.3382799099,1.018699017
0,female,9,0.2319480328,0.5000148983,0.1416640378,3.44625013,0.475706327,0.3539067265,0.9936046337
0,female,9,0.1815685829,0.5019633813,0.1604425792,2.567319878,0.4245253409,0.3601223136,1.046862853
0,female,53,0.251445158,0.480209941,0.148520783,5.025634173,0.4393862716,0.3674532251,0.9300920498
0,female,53,0.2289881714,0.486065422,0.1345565677,3.122590152,0.4348259287,0.377485822,0.904242855
0,female,36,0.1946943235,0.4623733464,0.1600589962,3.180262708,0.4849429056,0.3414105587,0.9591928138
0,female,36,0.218294082,0.4632195814,0.1519819097,4.456663168,0.4575287448,0.3315809794,0.9724089289
0,female,36,0.2541356002,0.4632286587,0.1609274096,3.668156969,0.4203008808,0.347412921,0.9826453606
0,female,36,0.1983774828,0.4800368797,0.1831820598,2.858549288,0.411245045,0.3659929251,1.046392036
1,male,44,0.1906360629,0.4458085272,0.1686509347,4.329349979,0.4791374687,0.3329639043,1.000056252
1,male,44,0.1784461817,0.4422880956,0.1612004782,3.470162633,0.5417414831,0.3587689508,0.9701064738
1,male,44,0.1963331896,0.4590144694,0.1685635089,5.977186444,0.527893312,0.3801958801,1.005134815
1,male,44,0.1653509948,0.4621021537,0.1627264763,3.310789336,0.4716007226,0.3710528606,1.00223584
1,male,43,0.1981878724,0.4431968776,0.1267382209,4.351182802,0.3531165185,0.3592841352,0.9655130748
1,male,43,0.204926767,0.4254522875,0.1331455307,3.690633308,0.4735235697,0.3179022186,0.8369765467
1,male,43,0.2380395466,0.4683211978,0.1477324288,7.257795112,0.4418419025,0.4081052255,0.996070967
1,male,43,0.2128081799,0.4750830728,0.1505624641,10.20432243,0.4043149476,0.3931950701,0.9161498895
1,male,28,0.2150050004,0.4144858824,0.1486887548,2.927606925,0.4442117957,0.3397077545,1.009584087
1,male,28,0.1974890624,0.4144485921,0.1588805097,2.693742204,0.5316146949,0.3349752689,1.00300025
1,male,28,0.2331710935,0.4444338723,0.1564136209,2.767683845,0.4580438919,0.3533933293,1.054734075
1,male,28,0.2147130662,0.4285724671,0.1461172661,2.717242709,0.4388066486,0.3493488922,0.9964741551
0,female,7,0.2423453601,0.487148959,0.1384096237,2.214679386,0.4484991443,0.3738396829,1.017490807
0,female,7,0.2294653248,0.4810959099,0.1404938379,1.604510921,0.4547142074,0.3517791869,0.971078997
0,female,7,0.2766886944,0.5109416195,0.1453083713,1.739995417,0.3537279748,0.3680798762,0.9955557496
0,female,7,0.2264638178,0.5043647321,0.1415743734,1.552539977,0.3914656563,0.3893886532,0.9795882544
0,female,38,0.2342235971,0.4970393073,0.1485923189,4.174102566,0.5088039659,0.3351357618,0.9777820656
0,female,38,0.2228405474,0.4793187646,0.1506200933,2.720129269,0.526364179,0.3187512928,0.9849939911
0,female,38,0.2382996415,0.4900515651,0.139488491,3.540104599,0.5031687056,0.3164426345,0.9784539003
0,female,38,0.2185956222,0.5141624622,0.1606024925,3.152536893,0.4636252585,0.3440502305,1.002929225
1,male,72,0.1862962797,0.4505245504,0.141714496,3.597536684,0.4041778023,0.3427125042,1.001911626
1,male,72,0.1824610495,0.453622803,0.1548262567,2.888300275,0.5340190784,0.3392413105,0.9289766283
1,male,72,0.2101605177,0.454280977,0.1479113069,3.609302087,0.4181254759,0.3561877974,1.00387267
1,male,72,0.1865848873,0.4680944246,0.1629170967,3.126507614,0.4112994573,0.3425966,1.015779868
1,male,17,0.2098002875,0.4723409491,0.1252314157,5.346583702,0.3951620722,0.3393089934,0.8752800594
1,male,17,0.1972083944,0.4614249187,0.145151739,2.600192913,0.454826591,0.3227663399,0.8691294751
1,male,17,0.2323582525,0.4781931838,0.1233057672,4.043916499,0.3974208406,0.3988542142,0.8905888541
1,male,17,0.1919359075,0.4750004563,0.1417251963,3.54593722,0.3999983519,0.3619900472,0.8720619495
1,male,10,0.2281746791,0.4442656591,0.1647695843,3.83194945,0.4559869676,0.3773426114,1.070128034
1,male,10,0.2428039327,0.4359637475,0.1953251056,3.126564685,0.5307577907,0.3605665784,1.057312745
1,male,10,0.2225934855,0.4454818776,0.1517050334,3.65936792,0.4392043376,0.362289826,0.9975242986
1,male,10,0.199194279,0.4557272128,0.1951311455,3.025168927,0.4430239241,0.3871331135,1.083071966
1,male,21,0.2134246963,0.4627683116,0.1444043813,4.202327192,0.3790176457,0.3354410855,0.9800125739
1,male,21,0.1934044069,0.4504721953,0.1488363605,3.064670916,0.4982945684,0.3172193449,0.9401987933
1,male,21,0.2377163789,0.482383413,0.1402548775,4.733606701,0.3891981084,0.3704438427,0.9877665095
1,male,21,0.2085366136,0.4826414441,0.1417264282,3.092165791,0.4124964569,0.3483718792,0.9507758894
1,male,26,0.1943192353,0.4580235237,0.1546932981,5.188142994,0.4071198679,0.3451056541,0.8665531229
1,male,26,0.1975515663,0.459718563,0.1605669878,2.926027897,0.4947401254,0.332629234,0.8420956037
1,male,26,0.2309814723,0.4941206373,0.1410793094,5.013324759,0.3872771059,0.3756702648,0.8591282528
1,male,26,0.2035801575,0.5002317628,0.1502494962,3.856151911,0.4270391251,0.3949254777,0.8411496914
0,female,54,0.2149162571,0.4479398351,0.127705312,3.567933928,0.4471779669,0.3344103132,0.828729301
0,female,54,0.1812379078,0.4724959473,0.1489082026,5.653015611,0.4864613096,0.3553298758,0.8162241163
1,male,19,0.1910627624,0.4602988872,0.1600395212,3.166745473,0.3879964069,0.3587104247,0.865086552
1,male,19,0.201912782,0.4577784545,0.1781245921,3.682161643,0.485343831,0.3262447537,0.8167696942
1,male,19,0.2384540736,0.476235708,0.1591029796,3.998894339,0.4354621171,0.3515289156,0.8650963743
1,male,19,0.1844581895,0.4622184204,0.1689716599,2.777266443,0.3832152468,0.3505240111,0.8566068334